name,lat,lng,address
BUKIT PANJANG HAWKER CENTRE,1.377597,103.772492,2 BUKIT PANJANG RING ROAD BUKIT PANJANG HAWKER CENTRE SINGAPORE 679947
HAWKER CENTRE (BLK 1 JALAN KUKOH),1.288231,103.839934,1 JALAN KUKOH HAWKER CENTRE (BLK 1 JALAN KUKOH) SINGAPORE 161001
HAWKER CENTRE (BLK 208B NEW UPPER CHANGI ROAD),1.324782,103.93057,208B NEW UPPER CHANGI ROAD HAWKER CENTRE (BLK 208B NEW UPPER CHANGI ROAD) SINGAPORE 462208
HAWKER CENTRE (BLK 75 TOA PAYOH LORONG 5),1.336021,103.852957,75 LORONG 5 TOA PAYOH HAWKER CENTRE (BLK 75 TOA PAYOH LORONG 5) SINGAPORE 310075
JALAN BATU HAWKER CENTRE,1.30236,103.883909,4A JALAN BATU JALAN BATU HAWKER CENTRE SINGAPORE 432004
JURONG WEST HAWKER CENTRE,1.341264,103.697242,50 JURONG WEST STREET 61 JURONG WEST HAWKER CENTRE SINGAPORE 648202
MARSILING MALL HAWKER CENTRE,1.433543,103.779882,4 WOODLANDS STREET 12 MARSILING MALL HAWKER CENTRE SINGAPORE 738623
PASIR RIS CENTRAL HAWKER CENTRE,1.373473,103.951571,110 PASIR RIS CENTRAL PASIR RIS CENTRAL HAWKER CENTRE SINGAPORE 519641
SENJA HAWKER CENTRE,1.387194,103.761084,2 SENJA CLOSE SENJA HAWKER CENTRE SINGAPORE 677632
YISHUN PARK HAWKER CENTRE,1.424988,103.844748,51 YISHUN AVENUE 11 YISHUN PARK HAWKER CENTRE SINGAPORE 768867
BUANGKOK HAWKER CENTRE,1.383706,103.892309,11 SENGKANG CENTRAL BUANGKOK HAWKER CENTRE
CI YUAN HAWKER CENTRE,1.375429,103.882978,51 HOUGANG AVENUE 9 CI YUAN HAWKER CENTRE
HAWKER CENTRE (BLKS 79/79A CIRCUIT ROAD),1.326597,103.885052,79 CIRCUIT ROAD HAWKER CENTRE (BLKS 79/79A CIRCUIT ROAD) SINGAPORE 370079
MARKET & HAWKER CENTRE (BLK 11 TELOK BLANGAH CRESCENT),1.277368,103.818652,11 TELOK BLANGAH CRESCENT MARKET & HAWKER CENTRE (BLK 11 TELOK BLANGAH CRESCENT) SINGAPORE 090011
PUNGGOL COAST HAWKER CENTRE,1.414553,103.908235,84 PUNGGOL WAY PUNGGOL COAST HAWKER CENTRE
MARKET & HAWKER CENTRE (BLK 112 JALAN BUKIT MERAH),1.280005,103.826013,112 JALAN BUKIT MERAH MARKET & HAWKER CENTRE (BLK 112 JALAN BUKIT MERAH) SINGAPORE 160112
MARKET & HAWKER CENTRE (BLK 115 BUKIT MERAH VIEW),1.285504,103.821823,115 BUKIT MERAH VIEW MARKET & HAWKER CENTRE (BLK 115 BUKIT MERAH VIEW) SINGAPORE 151115
MARKET & HAWKER CENTRE (BLK 117 ALJUNIED AVE 2),1.320781,103.886774,117 ALJUNIED AVENUE 2 MARKET & HAWKER CENTRE (BLK 117 ALJUNIED AVE 2)
MARKET & HAWKER CENTRE (BLK 16 BEDOK SOUTH ROAD ),1.320552,103.935539,16 BEDOK SOUTH ROAD MARKET & HAWKER CENTRE (BLK 16 BEDOK SOUTH ROAD )
MARKET & HAWKER CENTRE (BLK 16 BEDOK SOUTH ROAD),1.320501,103.935474,16 BEDOK SOUTH ROAD MARKET & HAWKER CENTRE (BLK 16 BEDOK SOUTH ROAD) SINGAPORE 460016
MARKET & HAWKER CENTRE (BLK 210 TOA PAYOH LORONG 8 ),1.340252,103.854334,210 LORONG 8 TOA PAYOH MARKET & HAWKER CENTRE (BLK 210 TOA PAYOH LORONG 8 )
MARKET & HAWKER CENTRE (BLK 210 TOA PAYOH LORONG 8),1.340261,103.854396,210 LORONG 8 TOA PAYOH MARKET & HAWKER CENTRE (BLK 210 TOA PAYOH LORONG 8) SINGAPORE 310210
MARKET & HAWKER CENTRE (BLK 320 SHUNFU ROAD),1.352007,103.837032,320 SHUNFU ROAD MARKET & HAWKER CENTRE (BLK 320 SHUNFU ROAD)
MARKET & HAWKER CENTRE (BLK 353 CLEMENTI AVE 2),1.314379,103.77092,353 CLEMENTI AVENUE 2 MARKET & HAWKER CENTRE (BLK 353 CLEMENTI AVE 2) SINGAPORE 120353
MARKET & HAWKER CENTRE (BLK 409 ANG MO KIO AVE 10),1.362654,103.855288,409 ANG MO KIO AVENUE 10 MARKET & HAWKER CENTRE (BLK 409 ANG MO KIO AVE 10) SINGAPORE 560409
MARKET & HAWKER CENTRE (BLK 448 CLEMENTI AVENUE 3),1.31306,103.764521,448 CLEMENTI AVENUE 3 MARKET & HAWKER CENTRE (BLK 448 CLEMENTI AVENUE 3)
MARKET & HAWKER CENTRE (BLK 4A EUNOS CRESCENT),1.320331,103.904256,4A EUNOS CRESCENT MARKET & HAWKER CENTRE (BLK 4A EUNOS CRESCENT) SINGAPORE 402004
MARKET & HAWKER CENTRE (BLK 505 JURONG WEST STREET 52),1.349642,103.718448,505 JURONG WEST STREET 52 MARKET & HAWKER CENTRE (BLK 505 JURONG WEST STREET 52)
MARKET & HAWKER CENTRE (BLK 50A MARINE TERRACE),1.305775,103.915762,50A MARINE TERRACE MARKET & HAWKER CENTRE (BLK 50A MARINE TERRACE)
MARKET & HAWKER CENTRE (BLK 538 BEDOK NORTH STREET 3),1.332067,103.924621,538 BEDOK NORTH STREET 3 MARKET & HAWKER CENTRE (BLK 538 BEDOK NORTH STREET 3) SINGAPORE 460538
MARKET & HAWKER CENTRE (BLK 58 NEW UPPER CHANGI ROAD),1.324116,103.941154,58 NEW UPPER CHANGI ROAD MARKET & HAWKER CENTRE (BLK 58 NEW UPPER CHANGI ROAD)
MARKET & HAWKER CENTRE (BLK 724 ANG MO KIO AVE 6),1.372173,103.84651,724 ANG MO KIO AVENUE 6 MARKET & HAWKER CENTRE (BLK 724 ANG MO KIO AVE 6) SINGAPORE 560724
MARKET & HAWKER CENTRE (BLK 726 CLEMENTI WEST STREET 2),1.303811,103.764251,726 CLEMENTI WEST STREET 2 MARKET & HAWKER CENTRE (BLK 726 CLEMENTI WEST STREET 2) SINGAPORE 120726
FERNVALE HAWKER CENTRE & MARKET,1.391654,103.87719,21 SENGKANG WEST AVENUE FERNVALE HAWKER CENTRE & MARKET
HAWKER CENTRE (U/C),1.36612,103.937717,25 TAMPINES STREET 62 HAWKER CENTRE (U/C)
KUSU ISLAND HAWKER CENTRE,1.22321,103.860931,30 KUSU ISLAND KUSU ISLAND HAWKER CENTRE
MARKET & HAWKER CENTRE (BLKS 13/14 HAIG ROAD),1.315142,103.89561,13 HAIG ROAD MARKET & HAWKER CENTRE (BLKS 13/14 HAIG ROAD)
MARKET & HAWKER CENTRE (BLKS 2 & 3 CHANGI VILLAGE ROAD),1.389649,103.9881,3 CHANGI VILLAGE ROAD MARKET & HAWKER CENTRE (BLKS 2 & 3 CHANGI VILLAGE ROAD)
TANJONG PAGAR PLAZA MARKET & HAWKER CENTRE,1.276615,103.843167,6 TANJONG PAGAR PLAZA TANJONG PAGAR PLAZA MARKET & HAWKER CENTRE
TELOK BLANGAH HAWKER CENTRE & MARKET,1.273227,103.808514,78C TELOK BLANGAH DRIVE TELOK BLANGAH HAWKER CENTRE & MARKET
YUHUA MARKET & HAWKER CENTRE,1.345417,103.731704,347 JURONG EAST AVENUE 1 YUHUA MARKET & HAWKER CENTRE SINGAPORE 600347
BEDOK INTERCHANGE HAWKER CENTRE,1.324818,103.930544,208B NEW UPPER CHANGI ROAD BEDOK INTERCHANGE HAWKER CENTRE
BUKIT BATOK WEST HAWKER CENTRE,1.355451,103.742103,469A BUKIT BATOK WEST AVENUE 9 BUKIT BATOK WEST HAWKER CENTRE
BUKIT CANBERRA HAWKER CENTRE,1.448849,103.822852,21 CANBERRA LINK BUKIT CANBERRA HAWKER CENTRE
ENVIRONMENT BUILDING HAWKER CENTRE,1.310811,103.836488,40 SCOTTS ROAD ENVIRONMENT BUILDING HAWKER CENTRE
KAMPUNG ADMIRALTY HAWKER CENTRE,1.439916,103.800701,676 WOODLANDS DRIVE 71 KAMPUNG ADMIRALTY HAWKER CENTRE
MARGARET DRIVE HAWKER CENTRE,1.297426,103.80471,38A MARGARET DRIVE MARGARET DRIVE HAWKER CENTRE
ONE PUNGGOL HAWKER CENTRE,1.408522,103.905034,1 PUNGGOL DRIVE ONE PUNGGOL HAWKER CENTRE
MARKET & HAWKER CENTRE (BLK 20 GHIM MOH ROAD),1.310997,103.78823,20 GHIM MOH ROAD MARKET & HAWKER CENTRE (BLK 20 GHIM MOH ROAD) SINGAPORE 270020
MARKET & HAWKER CENTRE (BLK 216 BEDOK NORTH STREET 1),1.327063,103.933218,216 BEDOK NORTH STREET 1 MARKET & HAWKER CENTRE (BLK 216 BEDOK NORTH STREET 1) SINGAPORE 460216
MARKET & HAWKER CENTRE (BLK 89 CIRCUIT ROAD),1.323445,103.885449,89 CIRCUIT ROAD MARKET & HAWKER CENTRE (BLK 89 CIRCUIT ROAD)
MARKET & HAWKER CENTRE (BLK 93 TOA PAYOH LORONG 4),1.338475,103.849513,93 LORONG 4 TOA PAYOH MARKET & HAWKER CENTRE (BLK 93 TOA PAYOH LORONG 4) SINGAPORE 310093
HAWKER CENTRE @ OUR TAMPINES HUB,1.353547,103.940381,1 TAMPINES WALK HAWKER CENTRE @ OUR TAMPINES HUB
MARKET & HAWKER CENTRE (BLKS 20/21 MARSILING LANE),1.443832,103.77721,21 MARSILING LANE MARKET & HAWKER CENTRE (BLKS 20/21 MARSILING LANE)
MARKET STREET HAWKER CENTRE,1.284059,103.849882,86 MARKET STREET MARKET STREET HAWKER CENTRE
WOODLEIGH VILLAGE HAWKER CENTRE,1.339772,103.872097,202C BIDADARI PARK DRIVE WOODLEIGH VILLAGE HAWKER CENTRE
YUHUA MARKET AND HAWKER CENTRE,1.345313,103.73158,347 JURONG EAST AVENUE 1 YUHUA MARKET AND HAWKER CENTRE
51 OLD AIRPORT ROAD FOOD CENTRE AND SHOPPING MALL,1.308252,103.885809,51 OLD AIRPORT ROAD 51 OLD AIRPORT ROAD FOOD CENTRE AND SHOPPING MALL SINGAPORE 390051
BEDOK FOOD CENTRE,1.32035,103.955478,1 BEDOK ROAD BEDOK FOOD CENTRE SINGAPORE 469572
CIRCUIT ROAD MARKET AND FOOD CENTRE,1.327834,103.887103,80 CIRCUIT ROAD CIRCUIT ROAD MARKET AND FOOD CENTRE SINGAPORE 370080
CLEMENTI AVE 2 MARKET/COOKED FOOD CENTRE,1.314373,103.770805,353 CLEMENTI AVENUE 2 CLEMENTI AVE 2 MARKET/COOKED FOOD CENTRE SINGAPORE 120353
GOLDEN MILE FOOD CENTRE,1.303142,103.863878,505 BEACH ROAD GOLDEN MILE FOOD CENTRE SINGAPORE 199583
MAXWELL FOOD CENTRE,1.280331,103.844747,1 KADAYANALLUR STREET MAXWELL FOOD CENTRE SINGAPORE 069184
NEWTON FOOD CENTRE,1.311916,103.83957,500 CLEMENCEAU AVENUE NORTH NEWTON FOOD CENTRE SINGAPORE 229495
REDHILL FOOD CENTRE,1.287308,103.818311,85 REDHILL LANE REDHILL FOOD CENTRE SINGAPORE 150085
SEAH IM FOOD CENTRE,1.266568,103.819248,2 SEAH IM ROAD SEAH IM FOOD CENTRE SINGAPORE 099114
ZION RIVERSIDE FOOD CENTRE,1.292342,103.831189,70 ZION ROAD ZION RIVERSIDE FOOD CENTRE SINGAPORE 247792
ADAM FOOD CENTRE,1.32416,103.814166,2 ADAM ROAD ADAM FOOD CENTRE SINGAPORE 289876
AYER RAJAH FOOD CENTRE,1.311803,103.759751,503 WEST COAST DRIVE AYER RAJAH FOOD CENTRE SINGAPORE 120503
BENDEMEER MARKET AND FOOD CENTRE,1.319217,103.863021,29 BENDEMEER ROAD BENDEMEER MARKET AND FOOD CENTRE SINGAPORE 330029
CHOMP CHOMP FOOD CENTRE,1.364233,103.866527,20 KENSINGTON PARK ROAD CHOMP CHOMP FOOD CENTRE SINGAPORE 557269
DUNMAN FOOD CENTRE,1.309418,103.901825,271 ONAN ROAD DUNMAN FOOD CENTRE SINGAPORE 424768
EMPRESS ROAD MARKET AND FOOD CENTRE,1.316241,103.805637,7 EMPRESS ROAD EMPRESS ROAD MARKET AND FOOD CENTRE SINGAPORE 260007
GEYLANG BAHRU MARKET AND FOOD CENTRE,1.321463,103.870005,69 GEYLANG BAHRU GEYLANG BAHRU MARKET AND FOOD CENTRE SINGAPORE 330069
KIM KEAT PALM MARKET AND FOOD CENTRE,1.335383,103.857004,22 LORONG 7 TOA PAYOH KIM KEAT PALM MARKET AND FOOD CENTRE SINGAPORE 310022
KOVAN HOUGANG MARKET AND FOOD CENTRE,1.359084,103.886055,209 HOUGANG STREET 21 KOVAN HOUGANG MARKET AND FOOD CENTRE SINGAPORE 530209
SIMS VISTA MARKET AND FOOD CENTRE,1.317035,103.87931,49 SIMS PLACE SIMS VISTA MARKET AND FOOD CENTRE SINGAPORE 380049
ALEXANDRA VILLAGE FOOD CENTRE,1.286306,103.804493,120 BUKIT MERAH LANE 1 ALEXANDRA VILLAGE FOOD CENTRE SINGAPORE 150120
BERSEH FOOD CENTRE,1.307344,103.856889,166 JALAN BESAR BERSEH FOOD CENTRE SINGAPORE 208877
CHENG SAN MARKET AND COOKED FOOD CENTRE,1.372772,103.854458,527 ANG MO KIO AVENUE 10 CHENG SAN MARKET AND COOKED FOOD CENTRE SINGAPORE 560527
CHINA SQUARE FOOD CENTRE,1.282866,103.849289,51 TELOK AYER STREET CHINA SQUARE FOOD CENTRE SINGAPORE 048441
CHONG BOON MARKET AND FOOD CENTRE,1.368248,103.856362,453A ANG MO KIO AVENUE 10 CHONG BOON MARKET AND FOOD CENTRE SINGAPORE 561453
HAVELOCK ROAD COOKED FOOD CENTRE,1.287971,103.829623,22A HAVELOCK ROAD HAVELOCK ROAD COOKED FOOD CENTRE SINGAPORE 161022
HOLLAND DRIVE MARKET AND FOOD CENTRE,1.308118,103.792774,44 HOLLAND DRIVE HOLLAND DRIVE MARKET AND FOOD CENTRE SINGAPORE 270044
KAKI BUKIT 511 MARKET AND FOOD CENTRE,1.33322,103.930582,511 BEDOK NORTH STREET 3 KAKI BUKIT 511 MARKET AND FOOD CENTRE SINGAPORE 460511
UPPER BOON KENG MARKET AND FOOD CENTRE,1.315028,103.87162,17 UPPER BOON KENG ROAD UPPER BOON KENG MARKET AND FOOD CENTRE SINGAPORE 380017
YUHUA VILLAGE MARKET AND FOOD CENTRE,1.343488,103.737738,254 JURONG EAST STREET 24 YUHUA VILLAGE MARKET AND FOOD CENTRE SINGAPORE 600254
FOOD CENTRE,1.317274,103.86756,5 KALLANG PLACE FOOD CENTRE SINGAPORE 339152
HAIG ROAD MARKET AND COOKED FOOD CENTRE,1.315425,103.895479,14 HAIG ROAD HAIG ROAD MARKET AND COOKED FOOD CENTRE SINGAPORE 430014
KALLANG ESTATE FRESH MARKET AND FOOD CENTRE,1.307344,103.884018,17 OLD AIRPORT ROAD KALLANG ESTATE FRESH MARKET AND FOOD CENTRE SINGAPORE 397972
MAYFLOWER MARKET AND FOOD CENTRE,1.374108,103.838864,162 ANG MO KIO AVENUE 4 MAYFLOWER MARKET AND FOOD CENTRE SINGAPORE 560162
NORTH BRIDGE ROAD MARKET AND FOOD CENTRE,1.306141,103.864099,861 NORTH BRIDGE ROAD NORTH BRIDGE ROAD MARKET AND FOOD CENTRE SINGAPORE 198783
TAMPINES ROUND MARKET AND FOOD CENTRE,1.345373,103.944629,137 TAMPINES STREET 11 TAMPINES ROUND MARKET AND FOOD CENTRE SINGAPORE 521137
TEBAN GARDENS MARKET AND FOOD CENTRE,1.320831,103.742748,37A TEBAN GARDENS ROAD TEBAN GARDENS MARKET AND FOOD CENTRE SINGAPORE 601037
TELOK BLANGAH FOOD CENTRE,1.273356,103.807618,79 TELOK BLANGAH DRIVE TELOK BLANGAH FOOD CENTRE SINGAPORE 100079
TIONG BAHRU FOOD CENTRE,1.281449,103.823213,1091A LOWER DELTA ROAD TIONG BAHRU FOOD CENTRE SINGAPORE 169207
BROADWAY FOOD CENTRE,1.331894,103.867854,147 POTONG PASIR AVENUE 1 BROADWAY FOOD CENTRE SINGAPORE 350147
DUNMAN FOOD CENTRE SOLID DIVERTOR,1.309461,103.901831,271 ONAN ROAD DUNMAN FOOD CENTRE SOLID DIVERTOR
PASIR PANJANG FOOD CENTRE,1.275918,103.791411,121 PASIR PANJANG ROAD PASIR PANJANG FOOD CENTRE SINGAPORE 118543
ADMIRALTY WET MARKET & FOOD CENTRE,1.440364,103.801537,678A WOODLANDS AVENUE 6 ADMIRALTY WET MARKET & FOOD CENTRE
AMOY STREET FOOD CENTRE,1.27934,103.846652,7 MAXWELL ROAD AMOY STREET FOOD CENTRE
QUALITY ROAD FOOD CENTRE,1.333252,103.710477,45 QUALITY ROAD QUALITY ROAD FOOD CENTRE
FC,1.4657,103.811767,11 SENOKO WAY FC
FC/MARKET,1.319317,103.896128,30 EUNOS ROAD 5 FC/MARKET
KEBUN BARU FOOD CENTRE,1.367179,103.840158,226H ANG MO KIO STREET 22 KEBUN BARU FOOD CENTRE
KUKOH 21 FOOD CENTRE,1.288252,103.83994,1 JALAN KUKOH KUKOH 21 FOOD CENTRE
TOA PAYOH FOOD CENTRE II,1.343292,103.846449,1008A TOA PAYOH NORTH TOA PAYOH FOOD CENTRE II
AYER RAJAH FOOD CENTRE 3,1.2935,103.788523,51A AYER RAJAH CRESCENT AYER RAJAH FOOD CENTRE 3 SINGAPORE 139956
BLK 210 LORONG 8 TOA PAYOH MARKET & FOOD CENTRE,1.340216,103.854873,210 LORONG 8 TOA PAYOH BLK 210 LORONG 8 TOA PAYOH MARKET & FOOD CENTRE SINGAPORE 310210
CHONG PANG MARKET & FOOD CENTRE,1.431718,103.828114,105 YISHUN RING ROAD CHONG PANG MARKET & FOOD CENTRE SINGAPORE 760105
ABC BRICKWORKS MARKET & FOOD CENTRE,1.286883,103.808131,6 JALAN BUKIT MERAH ABC BRICKWORKS MARKET & FOOD CENTRE SINGAPORE 150006
ADAM ROAD FOOD CENTRE,1.324083,103.814182,2 ADAM ROAD ADAM ROAD FOOD CENTRE
BUKIT MERAH CENTRAL FOOD CENTRE,1.283702,103.81695,163 BUKIT MERAH CENTRAL BUKIT MERAH CENTRAL FOOD CENTRE
IKEA FOOD CENTRE,1.287974,103.805809,317 ALEXANDRA ROAD IKEA FOOD CENTRE
MKT/FC,1.348187,103.743947,156 BUKIT BATOK STREET 11 MKT/FC
MARKET & FOOD CENTRE,1.399481,103.906393,198 PUNGGOL FIELD MARKET & FOOD CENTRE
MARSILING LANE MARKET & COOKED FOOD CENTRE,1.443925,103.777202,21 MARSILING LANE MARSILING LANE MARKET & COOKED FOOD CENTRE SINGAPORE 730021
PEK KIO MARKET & FOOD CENTRE,1.316131,103.850233,41A CAMBRIDGE ROAD PEK KIO MARKET & FOOD CENTRE SINGAPORE 211041
KEBUN BARU MARKET AND FOOD CENTRE,1.36681,103.839143,226D ANG MO KIO AVENUE 1 KEBUN BARU MARKET AND FOOD CENTRE
SEMBAWANG HILLS FOOD CENTRE,1.372319,103.829018,590 UPPER THOMSON ROAD SEMBAWANG HILLS FOOD CENTRE SINGAPORE 574419
TAMAN JURONG MARKET & FOOD CENTRE,1.334721,103.721584,3 YUNG SHENG ROAD TAMAN JURONG MARKET & FOOD CENTRE SINGAPORE 618499
TEMPORARY FOOD CENTRE,1.300429,103.787234,11A NEPAL CIRCUS TEMPORARY FOOD CENTRE SINGAPORE 138660
TOA PAYOH WEST MARKET AND FOOD COURT,1.338104,103.844733,127 LORONG 1 TOA PAYOH TOA PAYOH WEST MARKET AND FOOD COURT SINGAPORE 310127
BOON LAY PLACE MARKET AND FOOD VILLAGE,1.345761,103.713084,221B BOON LAY PLACE BOON LAY PLACE MARKET AND FOOD VILLAGE SINGAPORE 642221
HONG LIM FOOD CENTRE AND MARKET,1.285324,103.845777,531A UPPER CROSS STREET HONG LIM FOOD CENTRE AND MARKET
MARINE PARADE CENTRAL MARKET AND FOOD CENTRE,1.302285,103.906289,84 MARINE PARADE CENTRAL MARINE PARADE CENTRAL MARKET AND FOOD CENTRE
MEI LING MARKET AND FOOD CENTRE,1.293236,103.802904,159 MEI CHIN ROAD MEI LING MARKET AND FOOD CENTRE
