name,lat,lng,address
ION ORCHARD,1.30397974144505,103.832032328465,2 ORCHARD TURN ION ORCHARD SINGAPORE 238801
NGEE ANN CITY,1.30224168528687,103.835181912297,391 ORCHARD ROAD NGEE ANN CITY SINGAPORE 238872
PARAGON SINGAPORE,1.30387230879994,103.835857545469,290 ORCHARD ROAD THE PARAGON SINGAPORE 238859
313@SOMERSET,1.30101436404056,103.838360664485,313 ORCHARD ROAD 313 @ SOMERSET SINGAPORE 238895
WISMA ATRIA,1.30370477426147,103.833205752808,435 ORCHARD ROAD WISMA ATRIA SINGAPORE 238877
TANG PLAZA,1.30502562565776,103.832957478209,320 ORCHARD ROAD SINGAPORE MARRIOTT TANG PLAZA HOTEL
MANDARIN GALLERY,1.30200471731963,103.836583965806,333A ORCHARD ROAD MANDARIN GALLERY
PLAZA SINGAPURA,1.30074770963916,103.845047573431,68 ORCHARD ROAD PLAZA SINGAPURA SINGAPORE 238839
ORCHARD CENTRAL,1.30083890839245,103.839434733899,181 ORCHARD ROAD ORCHARD CENTRAL SINGAPORE 238896
ORCHARD GATEWAY,1.30044325279546,103.839442780042,277 ORCHARD ROAD ORCHARD GATEWAY
LUCKY PLAZA,1.30450604646634,103.833962339817,304 ORCHARD ROAD LUCKY PLAZA SINGAPORE 238863
FAR EAST PLAZA,1.30717698071189,103.833792932243,14 SCOTTS ROAD FAR EAST PLAZA SINGAPORE 228213
WHEELOCK PLACE,1.30467628730252,103.830642027577,501 ORCHARD ROAD WHEELOCK PLACE SINGAPORE 238880
FORUM THE SHOPPING MALL,1.30609752164563,103.828678556041,583 ORCHARD ROAD FORUM THE SHOPPING MALL SINGAPORE 238884
SHAW HOUSE ORCHARD,1.30580981580562,103.831507365654,350 ORCHARD ROAD SHAW HOUSE SINGAPORE 238868
THE CENTREPOINT,1.30163588095465,103.839519660588,176 ORCHARD ROAD ASIAN ARTISTRY THE CENTREPOINT
KNIGHTSBRIDGE ORCHARD,1.3029831225958,103.836283923443,270 ORCHARD ROAD KNIGHTSBRIDGE
THE HEEREN,1.30265160142482,103.837367213158,260 ORCHARD ROAD THE HEEREN SINGAPORE 238855
PALAIS RENAISSANCE,1.30665484543191,103.829588045188,390 ORCHARD ROAD PALAIS RENAISSANCE SINGAPORE 238871
DELFI ORCHARD,1.30717887298465,103.828469994324,402 ORCHARD ROAD DELFI ORCHARD SINGAPORE 238876
LIAT TOWERS,1.30508722710852,103.830722581168,541 ORCHARD ROAD LIAT TOWERS SINGAPORE 238881
TANGLIN MALL,1.30484344196915,103.823852794772,163 TANGLIN ROAD TANGLIN MALL SINGAPORE 247933
CATHAY CINELEISURE ORCHARD,1.30152101873533,103.836429655016,8 GRANGE ROAD CATHAY CINELEISURE ORCHARD SINGAPORE 239695
MARINA BAY SANDS SHOPPES,1.28423496027027,103.858982282698,2 BAYFRONT AVENUE THE SHOPPES AT MARINA BAY SANDS SINGAPORE 018972
MARINA SQUARE,1.29185533273026,103.85857808906,6 RAFFLES BOULEVARD MARINA SQUARE SINGAPORE 039594
SUNTEC CITY MALL,1.29593189477195,103.859014406736,3 TEMASEK BOULEVARD SUNTEC CITY MALL SINGAPORE 038983
RAFFLES CITY SHOPPING CENTRE,1.29389357863312,103.853119904656,252 NORTH BRIDGE ROAD RAFFLES CITY SHOPPING CENTRE
FUNAN SINGAPORE,1.29161270605129,103.849478850252,67 HILL STREET LYF FUNAN SINGAPORE SINGAPORE 179370
MILLENIA WALK,1.29260544462492,103.859724944443,9 RAFFLES BOULEVARD MILLENIA WALK SINGAPORE 039596
CITYLINK MALL,1.2927777312893,103.854173501417,1 RAFFLES LINK CITYLINK MALL SINGAPORE 039393
CAPITOL SINGAPORE,1.29298775382221,103.851046829843,11 STAMFORD ROAD EDEN RESIDENCES CAPITOL SINGAPORE 178884
BUGIS JUNCTION,1.29911287475873,103.855411173758,200 VICTORIA STREET BUGIS JUNCTION SINGAPORE 188021
BUGIS+,1.29960368990297,103.854242347489,201 VICTORIA STREET BUGIS+ SINGAPORE 188067
SIM LIM SQUARE,1.3030242605718,103.853037814067,1 ROCHOR CANAL ROAD SIM LIM SQUARE SINGAPORE 188504
SIM LIM TOWER,1.30377222122298,103.85466144692,10 JALAN BESAR SIM LIM TOWER SINGAPORE 208787
TANJONG PAGAR CENTRE,1.27626737785153,103.842867461682,5 TANJONG PAGAR PLAZA MULBERRY LEARNING CENTRE@TANJONG PAGAR PTE. LTD
ICON VILLAGE,1.2750829743256,103.844510150859,12 GOPENG STREET ICON VILLAGE
VIVOCITY,1.26429316783973,103.82230469365,1 HARBOURFRONT WALK VIVOCITY SINGAPORE 098585
HARBOURFRONT CENTRE,1.26396991176004,103.820243325181,1 MARITIME SQUARE HARBOURFRONT CENTRE SINGAPORE 099253
TIONG BAHRU PLAZA,1.28645889472825,103.827015256194,302 TIONG BAHRU ROAD TIONG BAHRU PLAZA SINGAPORE 168732
GREAT WORLD CITY,1.29342272650003,103.832022146655,1 KIM SENG PROMENADE GREAT WORLD CITY SINGAPORE 237994
VALLEY POINT SHOPPING CENTRE,1.29301785120185,103.826940805171,491 RIVER VALLEY ROAD VALLEY POINT SHOPPING CENTRE
ANCHORPOINT SHOPPING CENTRE,1.28861469030586,103.805009964592,370 ALEXANDRA ROAD ANCHORPOINT SHOPPING CENTRE SINGAPORE 159953
ALEXANDRA RETAIL CENTRE,1.27414893629254,103.801399416665,460 ALEXANDRA ROAD ALEXANDRA RETAIL CENTRE (ARC)
QUEENSWAY SHOPPING CENTRE,1.28759518939869,103.803397287789,1 QUEENSWAY QUEENSWAY SHOPPING CENTRE SINGAPORE 149053
IKEA ALEXANDRA,1.28797431886603,103.805808771913,317 ALEXANDRA ROAD IKEA FOOD CENTRE
PARKWAY PARADE,1.30106975506311,103.905279491524,80 MARINE PARADE ROAD PARKWAY PARADE SINGAPORE 449269
KATONG V,1.30394669999181,103.902825585763,30 EAST COAST ROAD KATONG V SINGAPORE 428751
KALLANG WAVE MALL,1.30307515150401,103.873149707591,1 STADIUM PLACE KALLANG WAVE MALL SINGAPORE 397628
LEISURE PARK KALLANG,1.30230108405227,103.876473975883,5 STADIUM WALK LEISURE PARK KALLANG SINGAPORE 397693
CITY PLAZA SINGAPORE,1.3147868971977,103.893472115119,810 GEYLANG ROAD CITY PLAZA SINGAPORE 409286
TAMPINES MALL,1.35252737278519,103.944698751072,4 TAMPINES CENTRAL 5 TAMPINES MALL SINGAPORE 529510
TAMPINES 1,1.3522279450458,103.952437443086,203 TAMPINES STREET 21 PCF TAMPINES EAST 3-IN-1 FAMILY CENTRE (STUDENT CARE)
CENTURY SQUARE,1.35236829566862,103.943812302253,2 TAMPINES CENTRAL 5 CENTURY SQUARE SINGAPORE 529509
OUR TAMPINES HUB,1.35354740485205,103.940381104547,1 TAMPINES WALK HAWKER CENTRE @ OUR TAMPINES HUB
EASTPOINT MALL,1.34270592355576,103.953024618234,3 SIMEI STREET 6 EASTPOINT MALL SINGAPORE 528833
BEDOK MALL,1.32473632784728,103.929256259998,311 NEW UPPER CHANGI ROAD BEDOK MALL SINGAPORE 467360
DJITSUN MALL BEDOK,1.32611970329469,103.929554495615,445 BEDOK NORTH STREET 1 DJITSUN MALL BEDOK SINGAPORE 469661
CHANGI CITY POINT,1.33403637902708,103.962917615531,5 CHANGI BUSINESS PARK CENTRAL 1 CHANGI CITY POINT
JEWEL CHANGI AIRPORT,1.3603410066102,103.98907755021,78 AIRPORT BOULEVARD JEWEL CHANGI AIRPORT SINGAPORE 819666
DOWNTOWN EAST,1.37912717878008,103.955444758145,1 PASIR RIS CLOSE COSTA SANDS RESORT (DOWNTOWN EAST) SINGAPORE 519599
WHITE SANDS,1.36563610941695,103.960861814678,2 PASIR RIS STREET 11 LEARNING LEAP PTE LTD (WHITE SANDS PRIMARY SCHOOL)
LOYANG POINT,1.36645364010349,103.964598499523,259 PASIR RIS STREET 21 LOYANG POINT SINGAPORE 510259
NEX SERANGOON,1.35076935257845,103.872296143862,23 SERANGOON CENTRAL NEX SINGAPORE 556083
HOUGANG MALL,1.3792452907016,103.887832017102,21 HOUGANG STREET 51 HOUGANG GREEN SHOPPING MALL SINGAPORE 538719
HEARTLAND MALL KOVAN,1.35954177325561,103.885167372726,205 HOUGANG STREET 21 HEARTLAND MALL-KOVAN SINGAPORE 530205
HOUGANG 1,1.37571530699875,103.879472337592,1 HOUGANG STREET 91 HOUGANG 1 SINGAPORE 538692
MYVILLAGE AT SERANGOON GARDEN,1.36511490572797,103.865159501442,1 MAJU AVENUE MYVILLAGE AT SERANGOON GARDEN SINGAPORE 556679
COMPASS ONE,1.39205314156706,103.89507054384,1 SENGKANG SQUARE COMPASS ONE SINGAPORE 545078
SENGKANG GRAND MALL,1.38298163203344,103.892721007746,70 COMPASSVALE BOW SENGKANG GRAND MALL SINGAPORE 544692
WATERWAY POINT,1.40653611690554,103.90198817171,83 PUNGGOL CENTRAL SHAW THEATRES WATERWAY POINT
PUNGGOL PLAZA,1.39423719717117,103.913047323223,168 PUNGGOL FIELD PUNGGOL PLAZA SINGAPORE 820168
PUNGGOL COAST MALL,1.41471059297026,103.910831439652,88 PUNGGOL WAY PUNGGOL COAST MALL
NORTHSHORE PLAZA,1.41822529971279,103.901073890466,418 NORTHSHORE DRIVE CANTINE NORTHSHORE PLAZA II
OASIS TERRACES PUNGGOL,1.40278015725693,103.913215101343,681 PUNGGOL DRIVE OASIS TERRACES SINGAPORE 820681
AMK HUB,1.36922321403001,103.848467911464,53 ANG MO KIO AVENUE 3 AMK HUB
JUNCTION 8 BISHAN,1.3504812534505,103.848760473211,9 BISHAN PLACE JUNCTION 8 SINGAPORE 579837
BISHAN NORTH SHOPPING MALL,1.35814432379457,103.844756001146,282 BISHAN STREET 22 BISHAN NORTH SHOPPING MALL SINGAPORE 570282
THOMSON PLAZA,1.35466902496424,103.830919782333,301 UPPER THOMSON ROAD THOMSON PLAZA SINGAPORE 574408
BROADWAY PLAZA ANG MO KIO,1.37193729131781,103.845949444498,4190 ANG MO KIO AVENUE 6 BROADWAY PLAZA SINGAPORE 569841
TOA PAYOH HDB HUB,1.33205485190481,103.848507643079,480 LORONG 6 TOA PAYOH HDB HUB SINGAPORE 310480
TOA PAYOH CENTRAL,1.33286675494901,103.849736595412,TOA PAYOH CENTRAL
CAUSEWAY POINT,1.4360700650803,103.785981524253,1 WOODLANDS SQUARE CAUSEWAY POINT SINGAPORE 738099
NORTHPOINT CITY,1.42969848626288,103.835776491468,930 YISHUN AVENUE 2 NORTHPOINT CITY SINGAPORE 769098
SEMBAWANG SHOPPING CENTRE,1.44182470675733,103.824845207237,604 SEMBAWANG ROAD SEMBAWANG SHOPPING CENTRE SINGAPORE 758459
SUN PLAZA SEMBAWANG,1.44819535371132,103.819502127155,30 SEMBAWANG DRIVE SUN PLAZA SINGAPORE 757713
WISTERIA MALL,1.41795288501536,103.841268831617,598 YISHUN RING ROAD WISTERIA MALL SINGAPORE 768698
JUNCTION NINE YISHUN,1.4331228398318,103.84166098599,18 YISHUN AVENUE 9 JUNCTION NINE SINGAPORE 768897
CANBERRA PLAZA,1.44349544527985,103.830345369213,133 CANBERRA VIEW CANBERRA PLAZA SINGAPORE 750133
MARSILING MALL,1.43354318137534,103.77988189197,4 WOODLANDS STREET 12 MARSILING MALL HAWKER CENTRE SINGAPORE 738623
JEM JURONG,1.33329334473462,103.743278742341,50 JURONG GATEWAY ROAD JEM SINGAPORE 608549
WESTGATE SINGAPORE,1.33415767556867,103.742766484424,3 GATEWAY DRIVE WESTGATE SINGAPORE 608532
IMM BUILDING,1.33487526118006,103.746894773008,2 JURONG EAST STREET 21 IMM BUILDING SINGAPORE 609601
JURONG POINT,1.3394520043632,103.706685012926,1 JURONG WEST CENTRAL 2 GOLDEN VILLAGE (GV JURONG POINT)
PIONEER MALL,1.34169239214292,103.697174842118,638 JURONG WEST STREET 61 PIONEER MALL SINGAPORE 640638
GEK POH SHOPPING CENTRE,1.34874357136408,103.697732091001,762 JURONG WEST STREET 75 GEK POH SHOPPING CENTRE SINGAPORE 640762
BOON LAY SHOPPING CENTRE,1.34633552457315,103.712430373455,221 BOON LAY PLACE BOON LAY SHOPPING CENTRE SINGAPORE 640221
TAMAN JURONG SHOPPING CENTRE,1.33484487416514,103.720462024278,399 YUNG SHENG ROAD TAMAN JURONG SHOPPING CENTRE SINGAPORE 610399
WEST MALL BUKIT BATOK,1.35001920979845,103.749244800677,1 BUKIT BATOK CENTRAL LINK WEST MALL SINGAPORE 658713
LOT ONE SHOPPERS MALL,1.38497459672379,103.745011766388,"21 CHOA CHU KANG AVENUE 4 LOT ONE, SHOPPERS' MALL SINGAPORE 689812"
HILLION MALL,1.37843100827586,103.762842789877,17 PETIR ROAD HILLION MALL SINGAPORE 678278
BUKIT PANJANG PLAZA,1.37992045176243,103.764357180314,1 JELEBU ROAD BUKIT PANJANG PLAZA SINGAPORE 677743
GREENWICH V,1.38739539397015,103.869135978173,1 SELETAR ROAD GREENWICH V SINGAPORE 807011
THE RAIL MALL,1.3578110348449,103.768080632959,384 UPPER BUKIT TIMAH ROAD THE RAIL MALL SINGAPORE 678042
HILLV2,1.36267450828024,103.76417292006,4 HILLVIEW RISE HILLV2 SINGAPORE 667979
BEAUTY WORLD CENTRE,1.34241264188642,103.776539385406,144 UPPER BUKIT TIMAH ROAD BEAUTY WORLD CENTRE SINGAPORE 588177
BEAUTY WORLD PLAZA,1.34180018619223,103.776259359854,140 UPPER BUKIT TIMAH ROAD BEAUTY WORLD PLAZA SINGAPORE 588176
BUKIT TIMAH PLAZA,1.33875930729064,103.778600077834,1 JALAN ANAK BUKIT BUKIT TIMAH PLAZA SINGAPORE 588996
SIXTH AVENUE CENTRE,1.33143049540259,103.79500253329,805 BUKIT TIMAH ROAD SIXTH AVENUE CENTRE SINGAPORE 279883
CLUNY COURT,1.32257316934913,103.814245542255,501 BUKIT TIMAH ROAD CLUNY COURT SINGAPORE 259760
THE STAR VISTA,1.30697044038323,103.788420274115,1 VISTA EXCHANGE GREEN THE STAR VISTA
ROCHESTER MALL,1.30540765569962,103.788446680148,35 ROCHESTER DRIVE ROCHESTER MALL
HOLLAND ROAD SHOPPING CENTRE,1.31027747574118,103.795371163103,211 HOLLAND AVENUE HOLLAND ROAD SHOPPING CENTRE SINGAPORE 278967
CITY SQUARE MALL,1.31142103107683,103.856624019991,180 KITCHENER ROAD CITY SQUARE MALL SINGAPORE 208539
MACPHERSON MALL,1.33372210930312,103.887530827719,601 MACPHERSON ROAD GRANTRAL MALL @ MACPHERSON
UNITED SQUARE,1.31719450988559,103.843611443038,101 THOMSON ROAD UNITED SQUARE SINGAPORE 307591
VELOCITY @ NOVENA SQUARE,1.31929542501907,103.844191353077,238B THOMSON ROAD VELOCITY @ NOVENA SQUARE
SQUARE 2,1.27822949964567,103.850812513482,12 MARINA VIEW ASIA SQUARE TOWER 2 SINGAPORE 018961
GOLDHILL PLAZA,1.31782919793186,103.842889167307,1 GOLDHILL PLAZA GOLDHILL PLAZA SINGAPORE 308899
BALESTIER PLAZA,1.32572472557093,103.850395374025,400 BALESTIER ROAD BALESTIER PLAZA SINGAPORE 329802
SHAW PLAZA BALESTIER,1.32497382746308,103.851426970348,352 BALESTIER ROAD SHAW PLAZA - TWIN HEIGHTS SINGAPORE 329780
ZHONGSHAN MALL,1.32694504456951,103.846554377679,20 AH HOOD ROAD ZHONGSHAN MALL
THE POIZ CENTRE,1.33149708073624,103.86821402533,51 UPPER SERANGOON ROAD THE POIZ CENTRE SINGAPORE 347697
THE VENUE SHOPPES,1.32879797339654,103.869271361818,2 TAI THONG CRESCENT THE VENUE SHOPPES SINGAPORE 347836
THE CLEMENTI MALL,1.31489619639366,103.764423054189,3155 COMMONWEALTH AVENUE WEST THE CLEMENTI MALL SINGAPORE 129588
321 CLEMENTI,1.31200212030821,103.764986676365,321 CLEMENTI AVENUE 3 321 CLEMENTI SINGAPORE 129905
RIVERVALE MALL,1.39219777838449,103.904471600025,11 RIVERVALE CRESCENT RIVERVALE MALL SINGAPORE 545082
RIVERVALE PLAZA,1.38533736107771,103.901841044122,118 RIVERVALE DRIVE RIVERVALE PLAZA SINGAPORE 540118
BUANGKOK SQUARE,1.38433426615655,103.881623070164,991 BUANGKOK LINK BUANGKOK SQUARE SINGAPORE 530991
KANG KAR MALL,1.37173508334316,103.894234783936,100 HOUGANG AVENUE 10 KANG KAR MALL SINGAPORE 538767
KENSINGTON SQUARE,1.34560719747232,103.882695128109,2 JALAN LOKAM KENSINGTON SQUARE SINGAPORE 537846
PLQ MALL,1.31756115921,103.892836694432,10 PAYA LEBAR ROAD PLQ MALL SINGAPORE 409057
SINGPOST CENTRE,1.31899666903663,103.894894915962,10 EUNOS ROAD 8 SINGAPORE POST CENTRE SINGAPORE 408600
KINEX SINGAPORE,1.31461849889242,103.894738004768,11 TANJONG KATONG ROAD KINEX SINGAPORE 437157
PAYA LEBAR SQUARE,1.31881487007651,103.892580778514,60 PAYA LEBAR ROAD PAYA LEBAR SQUARE SINGAPORE 409051
JOO CHIAT COMPLEX,1.31587653400999,103.898378099316,1 JOO CHIAT ROAD JOO CHIAT COMPLEX SINGAPORE 420001
TEKKA CENTRE,1.30624722914968,103.849956033902,662 BUFFALO ROAD ZHUJIAO CENTRE (TEKKA MARKET) SINGAPORE 210662
MUSTAFA CENTRE,1.31011213190394,103.855290873926,145 SYED ALWI ROAD MUSTAFA CENTRE SINGAPORE 207704
ALBERT MALL,1.29966016502847,103.853518084567,QUEEN STREET ALBERT MALL TRISHAW PARK
BURLINGTON SQUARE,1.30224327074302,103.85270021499,175 BENCOOLEN STREET BURLINGTON SQUARE SINGAPORE 189649
CONCORDE HOTEL AND SHOPPING MALL,1.30061437384276,103.842228045431,100 ORCHARD ROAD CONCORDE HOTEL AND SHOPPING MALL SINGAPORE 238840
TAN BOON LIAT BUILDING,1.28750746721492,103.834045843779,315 OUTRAM ROAD TAN BOON LIAT BUILDING SINGAPORE 169074
100 AM MALL,1.27458821795426,103.84347073661,100 TRAS STREET 100 AM
I12 KATONG,1.308174111151,103.922605715552,I12 (TAXI STAND)
VISTA POINT SEMBAWANG,1.43089714603015,103.793927429476,548 WOODLANDS DRIVE 44 VISTA POINT SINGAPORE 730548
JUNCTION 10 CHOA CHU KANG,1.38033681049385,103.760167883439,1 WOODLANDS ROAD JUNCTION 10 SINGAPORE 677899
APERIA MALL,1.31086672816827,103.863929573292,8 KALLANG AVENUE APERIA SINGAPORE 339509
ONE KM MALL,1.31474238838871,103.8945518516,11 TANJONG KATONG ROAD DNC (EDUCATION) PTE. LTD.
