name,lat,lng,type,address,postal_code
JURONG EAST MRT STATION (EW24 / NS1),1.333028,103.74237,MRT,10 JURONG EAST STREET 12 JURONG EAST MRT STATION (EW24 / NS1) SINGAPORE 609690,609690
BUKIT BATOK MRT STATION (NS2),1.349033,103.749566,MRT,10 BUKIT BATOK CENTRAL BUKIT BATOK MRT STATION (NS2) SINGAPORE 659958,659958
BUKIT GOMBAK MRT STATION (NS3),1.358612,103.751791,MRT,802 BUKIT BATOK WEST AVENUE 5 BUKIT GOMBAK MRT STATION (NS3) SINGAPORE 659083,659083
CHOA CHU KANG MRT STATION (JS1),1.385368,103.744085,MRT,60 CHOA CHU KANG LOOP CHOA CHU KANG MRT STATION (JS1) SINGAPORE 689960,689960
YEW TEE MRT STATION (NS5),1.397535,103.747405,MRT,61 CHOA CHU KANG DRIVE YEW TEE MRT STATION (NS5) SINGAPORE 689715,689715
KRANJI MRT STATION (NS7),1.425087,103.762137,MRT,960 WOODLANDS ROAD KRANJI MRT STATION (NS7) SINGAPORE 738702,738702
MARSILING MRT STATION (NS8),1.432521,103.774075,MRT,71 WOODLANDS AVENUE 3 MARSILING MRT STATION (NS8) SINGAPORE 739044,739044
WOODLANDS MRT STATION (NS9),1.43682,103.786067,MRT,30 WOODLANDS AVENUE 2 WOODLANDS MRT STATION (NS9) SINGAPORE 738343,738343
ADMIRALTY MRT STATION (NS10),1.440589,103.800991,MRT,70 WOODLANDS AVENUE 7 ADMIRALTY MRT STATION (NS10) SINGAPORE 738344,738344
SEMBAWANG MRT STATION (NS11),1.449051,103.820046,MRT,11 CANBERRA ROAD SEMBAWANG MRT STATION (NS11) SINGAPORE 759775,759775
CANBERRA MRT STATION (NS12),1.443077,103.829703,MRT,11 CANBERRA LINK CANBERRA MRT STATION (NS12) SINGAPORE 756972,756972
YISHUN MRT STATION (NS13),1.429443,103.835005,MRT,301 YISHUN AVENUE 2 YISHUN MRT STATION (NS13) SINGAPORE 769093,769093
KHATIB MRT STATION (NS14),1.417383,103.83298,MRT,201 YISHUN AVENUE 2 KHATIB MRT STATION (NS14) SINGAPORE 769092,769092
ANG MO KIO MRT STATION,1.369933,103.849558,MRT,2450 ANG MO KIO AVENUE 8 ANG MO KIO MRT STATION SINGAPORE 569811,569811
BISHAN MRT STATION,1.351019,103.850057,MRT,17 BISHAN PLACE BISHAN MRT STATION,NIL
BRADDELL MRT STATION,1.340105,103.846756,MRT,377 LORONG 1 TOA PAYOH BRADDELL MRT STATION,NIL
TOA PAYOH MRT STATION (NS19),1.332629,103.847502,MRT,510 LORONG 6 TOA PAYOH TOA PAYOH MRT STATION (NS19) SINGAPORE 319398,319398
NOVENA MRT STATION (NS20),1.320441,103.843826,MRT,250 THOMSON ROAD NOVENA MRT STATION (NS20) SINGAPORE 307642,307642
NEWTON MRT STATION,1.31257,103.838032,MRT,49 SCOTTS ROAD NEWTON MRT STATION,NIL
ORCHARD BOULEVARD MRT STATION (TE13),1.302422,103.823869,MRT,20 ORCHARD BOULEVARD ORCHARD BOULEVARD MRT STATION (TE13) SINGAPORE 248654,248654
SOMERSET MRT STATION,1.300253,103.839158,MRT,1 SOMERSET ROAD SOMERSET MRT STATION,NIL
DHOBY GHAUT MRT STATION (CC1),1.298912,103.846293,MRT,13 ORCHARD ROAD DHOBY GHAUT MRT STATION (CC1) SINGAPORE 238893,238893
CITY HALL MRT STATION,1.29299,103.852543,MRT,150 NORTH BRIDGE ROAD CITY HALL MRT STATION,NIL
RAFFLES PLACE MRT STATION,1.283933,103.851463,MRT,5 RAFFLES PLACE RAFFLES PLACE MRT STATION,NIL
MARINA BAY MRT STATION,1.276311,103.854605,MRT,21 PARK STREET MARINA BAY MRT STATION,NIL
MARINA SOUTH PIER MRT STATION (NS28),1.271027,103.862448,MRT,33 MARINA COASTAL DRIVE MARINA SOUTH PIER MRT STATION (NS28) SINGAPORE 018948,018948
PASIR RIS MRT STATION (EW1),1.373043,103.949285,MRT,10 PASIR RIS CENTRAL PASIR RIS MRT STATION (EW1) SINGAPORE 519634,519634
TAMPINES EAST MRT STATION (DT33),1.356191,103.954634,MRT,20 TAMPINES AVENUE 7 TAMPINES EAST MRT STATION (DT33) SINGAPORE 529623,529623
SIMEI MRT STATION (EW3),1.343197,103.953377,MRT,30 SIMEI STREET 3 SIMEI MRT STATION (EW3) SINGAPORE 529888,529888
TANAH MERAH MRT STATION (EW4),1.327187,103.946349,MRT,920 NEW UPPER CHANGI ROAD TANAH MERAH MRT STATION (EW4) SINGAPORE 467356,467356
BEDOK MRT STATION (EW5),1.32398,103.929984,MRT,315 NEW UPPER CHANGI ROAD BEDOK MRT STATION (EW5) SINGAPORE 467347,467347
KEMBANGAN MRT STATION (EW6),1.321038,103.912948,MRT,55 SIMS AVENUE EAST KEMBANGAN MRT STATION (EW6) SINGAPORE 416551,416551
EUNOS MRT STATION (EW7),1.319784,103.903226,MRT,30 EUNOS CRESCENT EUNOS MRT STATION (EW7) SINGAPORE 409423,409423
PAYA LEBAR MRT STATION (CC9),1.317247,103.892261,MRT,15 PAYA LEBAR ROAD PAYA LEBAR MRT STATION (CC9) SINGAPORE 409049,409049
ALJUNIED MRT STATION (EW9),1.316433,103.882906,MRT,81 LORONG 25 GEYLANG ALJUNIED MRT STATION (EW9) SINGAPORE 388310,388310
KALLANG MRT STATION (EW10),1.311489,103.871387,MRT,5 SIMS AVENUE KALLANG MRT STATION (EW10) SINGAPORE 387405,387405
LAVENDER MRT STATION,1.307392,103.862785,MRT,50 KALLANG ROAD LAVENDER MRT STATION,NIL
BUGIS MRT STATION,1.300465,103.855707,MRT,320 VICTORIA STREET BUGIS MRT STATION SINGAPORE 188045,188045
TANJONG PAGAR MRT STATION (EW15),1.276561,103.845725,MRT,120 MAXWELL ROAD TANJONG PAGAR MRT STATION (EW15) SINGAPORE 069119,069119
OUTRAM PARK MRT STATION,1.280242,103.840052,MRT,300 EU TONG SEN STREET OUTRAM PARK MRT STATION,NIL
TIONG BAHRU MRT STATION,1.286195,103.826999,MRT,300 TIONG BAHRU ROAD TIONG BAHRU MRT STATION,NIL
REDHILL MRT STATION (EW18),1.289635,103.816741,MRT,920 TIONG BAHRU ROAD REDHILL MRT STATION (EW18) SINGAPORE 158792,158792
QUEENSTOWN MRT STATION (EW19),1.294551,103.806077,MRT,301 COMMONWEALTH AVENUE QUEENSTOWN MRT STATION (EW19) SINGAPORE 149729,149729
COMMONWEALTH MRT STATION (EW20),1.302502,103.798229,MRT,375 COMMONWEALTH AVENUE COMMONWEALTH MRT STATION (EW20) SINGAPORE 149735,149735
BUONA VISTA MRT STATION,1.306275,103.790363,MRT,150 NORTH BUONA VISTA ROAD BUONA VISTA MRT STATION,NIL
DOVER MRT STATION (EW22),1.311405,103.778638,MRT,200 COMMONWEALTH AVENUE WEST DOVER MRT STATION (EW22) SINGAPORE 138677,138677
CLEMENTI MRT STATION (EW23),1.315116,103.765191,MRT,3150 COMMONWEALTH AVENUE WEST CLEMENTI MRT STATION (EW23) SINGAPORE 129580,129580
CHINESE GARDEN MRT STATION (EW25),1.342353,103.732597,MRT,151 BOON LAY WAY CHINESE GARDEN MRT STATION (EW25) SINGAPORE 609959,609959
LAKESIDE MRT STATION (EW26),1.344259,103.720949,MRT,201 BOON LAY WAY LAKESIDE MRT STATION (EW26) SINGAPORE 649845,649845
BOON LAY MRT STATION (EW27),1.338604,103.706065,MRT,301 BOON LAY WAY BOON LAY MRT STATION (EW27) SINGAPORE 649846,649846
PIONEER MRT STATION (EW28),1.337587,103.697322,MRT,31 JURONG WEST STREET 63 PIONEER MRT STATION (EW28) SINGAPORE 648310,648310
JOO KOON MRT STATION (EW29),1.327717,103.678375,MRT,91 JOO KOON CIRCLE JOO KOON MRT STATION (EW29) SINGAPORE 629116,629116
GUL CIRCLE MRT STATION (EW30),1.319471,103.66053,MRT,7A TUAS ROAD GUL CIRCLE MRT STATION (EW30) SINGAPORE 637288,637288
TUAS CRESCENT MRT STATION (EW31),1.321027,103.649078,MRT,90 PIONEER ROAD TUAS CRESCENT MRT STATION (EW31) SINGAPORE 639608,639608
TUAS WEST ROAD MRT STATION (EW32),1.329985,103.639617,MRT,131 PIONEER ROAD TUAS WEST ROAD MRT STATION (EW32) SINGAPORE 639609,639609
TUAS LINK MRT STATION (EW33),1.340882,103.636991,MRT,20 TUAS WEST DRIVE TUAS LINK MRT STATION (EW33) SINGAPORE 638418,638418
EXPO MRT STATION (CG1),1.33455,103.961548,MRT,21 CHANGI SOUTH AVENUE 1 EXPO MRT STATION (CG1) SINGAPORE 486065,486065
CHANGI AIRPORT MRT STATION (CG2),1.357479,103.987884,MRT,70 AIRPORT BOULEVARD CHANGI AIRPORT MRT STATION (CG2) SINGAPORE 819661,819661
HARBOURFRONT MRT STATION,1.265311,103.820557,MRT,81 TELOK BLANGAH ROAD HARBOURFRONT MRT STATION,NIL
TELOK BLANGAH MRT STATION (CC28),1.270706,103.809762,MRT,463 TELOK BLANGAH ROAD TELOK BLANGAH MRT STATION (CC28) SINGAPORE 109028,109028
LABRADOR PARK MRT STATION,1.272368,103.803416,MRT,701 TELOK BLANGAH ROAD LABRADOR PARK MRT STATION,NIL
PASIR PANJANG MRT STATION (CC26),1.276214,103.79135,MRT,119 PASIR PANJANG ROAD PASIR PANJANG MRT STATION (CC26) SINGAPORE 117424,117424
HAW PAR VILLA MRT STATION,1.281957,103.781989,MRT,270 PASIR PANJANG ROAD HAW PAR VILLA MRT STATION,NIL
KENT RIDGE MRT STATION (CC24),1.293533,103.784573,MRT,301 SOUTH BUONA VISTA ROAD KENT RIDGE MRT STATION (CC24) SINGAPORE 118177,118177
ONE-NORTH MRT STATION (CC23),1.29976,103.787458,MRT,9 AYER RAJAH AVENUE ONE-NORTH MRT STATION (CC23) SINGAPORE 138647,138647
HOLLAND VILLAGE MRT STATION (CC21),1.31224,103.796399,MRT,200 HOLLAND AVENUE HOLLAND VILLAGE MRT STATION (CC21) SINGAPORE 278995,278995
FARRER ROAD MRT STATION (CC20),1.317439,103.807379,MRT,71 FARRER ROAD FARRER ROAD MRT STATION (CC20) SINGAPORE 268857,268857
BOTANIC GARDENS MRT STATION,1.322387,103.815385,MRT,100 CLUNY PARK ROAD BOTANIC GARDENS MRT STATION,NIL
STEVENS MRT STATION (DT10),1.320066,103.826024,MRT,92 STEVENS ROAD STEVENS MRT STATION (DT10) SINGAPORE 257877,257877
CALDECOTT MRT STATION,1.337347,103.839544,MRT,38 TOA PAYOH RISE CALDECOTT MRT STATION,NIL
MARYMOUNT MRT STATION (CC16),1.348707,103.839423,MRT,60 MARYMOUNT ROAD MARYMOUNT MRT STATION (CC16) SINGAPORE 573993,573993
LORONG CHUAN MRT STATION,1.351531,103.864812,MRT,150 SERANGOON AVENUE 3 LORONG CHUAN MRT STATION,NIL
SERANGOON MRT STATION (CC13),1.350634,103.872772,MRT,21 SERANGOON CENTRAL SERANGOON MRT STATION (CC13) SINGAPORE 556082,556082
BARTLEY MRT STATION,1.342445,103.880197,MRT,90 BARTLEY ROAD BARTLEY MRT STATION,NIL
TAI SENG MRT STATION (CC11),1.335142,103.888389,MRT,33 UPPER PAYA LEBAR ROAD TAI SENG MRT STATION (CC11) SINGAPORE 534803,534803
MACPHERSON MRT STATION,1.32684,103.890008,MRT,171 PAYA LEBAR ROAD MACPHERSON MRT STATION,NIL
POTONG PASIR MRT STATION,1.331378,103.869364,MRT,55 UPPER SERANGOON ROAD POTONG PASIR MRT STATION,NIL
WOODLEIGH MRT STATION,1.339828,103.870961,MRT,400 UPPER SERANGOON ROAD WOODLEIGH MRT STATION,NIL
UPPER THOMSON MRT STATION (TE8),1.354416,103.832898,MRT,1 JALAN KELI UPPER THOMSON MRT STATION (TE8) SINGAPORE 577937,577937
LENTOR MRT STATION (TE5),1.385507,103.835744,MRT,1 LENTOR DRIVE LENTOR MRT STATION (TE5) SINGAPORE 789361,789361
MAYFLOWER MRT STATION (TE6),1.371463,103.836568,MRT,91 ANG MO KIO AVENUE 4 MAYFLOWER MRT STATION (TE6) SINGAPORE 569900,569900
BRIGHT HILL MRT STATION (TE7),1.363283,103.832894,MRT,100 SIN MING AVENUE BRIGHT HILL MRT STATION (TE7) SINGAPORE 575737,575737
SPRINGLEAF MRT STATION (TE4),1.397581,103.817857,MRT,825 UPPER THOMSON ROAD SPRINGLEAF MRT STATION (TE4) SINGAPORE 787140,787140
BAYSHORE MRT STATION (TE29),1.313122,103.94231,MRT,31 BAYSHORE ROAD BAYSHORE MRT STATION (TE29) SINGAPORE 469958,469958
BEDOK NORTH MRT STATION (DT29),1.334742,103.917978,MRT,651 BEDOK NORTH ROAD BEDOK NORTH MRT STATION (DT29) SINGAPORE 479481,479481
KAKI BUKIT MRT STATION (DT28),1.334967,103.908459,MRT,30 KAKI BUKIT AVENUE 1 KAKI BUKIT MRT STATION (DT28) SINGAPORE 415804,415804
UBI MRT STATION (DT27),1.329974,103.899227,MRT,51 UBI AVENUE 2 UBI MRT STATION (DT27) SINGAPORE 408899,408899
BENDEMEER MRT STATION (DT23),1.313673,103.862978,MRT,11 KALLANG BAHRU BENDEMEER MRT STATION (DT23) SINGAPORE 339356,339356
GEYLANG BAHRU MRT STATION (DT24),1.321301,103.871623,MRT,541 KALLANG BAHRU GEYLANG BAHRU MRT STATION (DT24) SINGAPORE 339355,339355
MATTAR MRT STATION (DT25),1.326877,103.883248,MRT,60 MERPATI ROAD MATTAR MRT STATION (DT25) SINGAPORE 379314,379314
DAKOTA MRT STATION,1.308431,103.889268,MRT,201 OLD AIRPORT ROAD DAKOTA MRT STATION,NIL
MOUNTBATTEN MRT STATION,1.306154,103.883045,MRT,301 MOUNTBATTEN ROAD MOUNTBATTEN MRT STATION,NIL
STADIUM MRT STATION (CC6),1.302812,103.875338,MRT,3 STADIUM WALK STADIUM MRT STATION (CC6) SINGAPORE 397692,397692
NICOLL HIGHWAY MRT STATION (CC5),1.299767,103.863637,MRT,20 REPUBLIC AVENUE NICOLL HIGHWAY MRT STATION (CC5) SINGAPORE 038970,038970
PROMENADE MRT STATION (CC4),1.293998,103.86035,MRT,2 TEMASEK AVENUE PROMENADE MRT STATION (CC4) SINGAPORE 039193,039193
BAYFRONT MRT STATION (DT16 / CE1),1.281874,103.85908,MRT,11 BAYFRONT AVENUE BAYFRONT MRT STATION (DT16 / CE1) SINGAPORE 018957,018957
DOWNTOWN MRT STATION (DT17),1.279446,103.852841,MRT,15 CENTRAL BOULEVARD DOWNTOWN MRT STATION (DT17) SINGAPORE 018969,018969
TELOK AYER MRT STATION (DT18),1.282069,103.848649,MRT,7 CROSS STREET TELOK AYER MRT STATION (DT18) SINGAPORE 048416,048416
CHINATOWN MRT STATION,1.283964,103.843142,MRT,151 NEW BRIDGE ROAD CHINATOWN MRT STATION,NIL
FORT CANNING MRT STATION (DT20),1.292482,103.844331,MRT,170 RIVER VALLEY ROAD FORT CANNING MRT STATION (DT20) SINGAPORE 179038,179038
BENCOOLEN MRT STATION (DT21),1.298918,103.850354,MRT,31 BENCOOLEN STREET BENCOOLEN MRT STATION (DT21) SINGAPORE 189658,189658
JALAN BESAR MRT STATION (DT22),1.305171,103.855296,MRT,90 JALAN BESAR JALAN BESAR MRT STATION (DT22) SINGAPORE 208826,208826
ROCHOR MRT STATION (DT13),1.303852,103.852769,MRT,11 ROCHOR CANAL ROAD ROCHOR MRT STATION (DT13) SINGAPORE 188505,188505
LITTLE INDIA MRT STATION,1.307244,103.849842,MRT,60 BUKIT TIMAH ROAD LITTLE INDIA MRT STATION,NIL
FARRER PARK MRT STATION,1.31314,103.854755,MRT,250 RACE COURSE ROAD FARRER PARK MRT STATION,NIL
BOON KENG MRT STATION,1.31994,103.862053,MRT,900 SERANGOON ROAD BOON KENG MRT STATION,NIL
HOUGANG MRT STATION,1.370335,103.892262,MRT,80 HOUGANG CENTRAL HOUGANG MRT STATION,NIL
BUANGKOK MRT STATION,1.383694,103.89305,MRT,10 SENGKANG CENTRAL BUANGKOK MRT STATION,NIL
SENGKANG MRT STATION (NE16),1.391695,103.895485,MRT,5 SENGKANG SQUARE SENGKANG MRT STATION (NE16) SINGAPORE 545062,545062
PUNGGOL COAST MRT STATION (NE18),1.414927,103.910166,MRT,101 NEW PUNGGOL ROAD PUNGGOL COAST MRT STATION (NE18) SINGAPORE 828604,828604
BRAS BASAH MRT STATION (CC2),1.296862,103.850667,MRT,65 BRAS BASAH ROAD BRAS BASAH MRT STATION (CC2) SINGAPORE 189561,189561
CITY HALL/ESPLANADE MRT STATION EXIT A,1.29134,103.854609,MRT,CITY HALL/ESPLANADE MRT STATION EXIT A,NIL
TAMPINES WEST MRT STATION (DT31),1.345515,103.938437,MRT,2 TAMPINES AVENUE 4 TAMPINES WEST MRT STATION (DT31) SINGAPORE 529683,529683
UPPER CHANGI MRT STATION (DT34),1.34174,103.961473,MRT,690 UPPER CHANGI ROAD EAST UPPER CHANGI MRT STATION (DT34) SINGAPORE 485990,485990
PASIR RIS EAST MRT STATION (CR4),1.367129,103.960557,MRT,20 PASIR RIS DRIVE 1 PASIR RIS EAST MRT STATION (CR4) SINGAPORE 519969,519969
WOODLANDS NORTH MRT STATION (TE1),1.448292,103.785693,MRT,20 WOODLANDS NORTH COAST ROAD WOODLANDS NORTH MRT STATION (TE1) SINGAPORE 737668,737668
WOODLANDS SOUTH MRT STATION (TE3),1.427396,103.793264,MRT,30 WOODLANDS DRIVE 17 WOODLANDS SOUTH MRT STATION (TE3) SINGAPORE 737741,737741
KING ALBERT PARK MRT STATION,1.335893,103.783236,MRT,2 BLACKMORE DRIVE KING ALBERT PARK MRT STATION,NIL
SIXTH AVENUE MRT STATION (DT7),1.330858,103.796907,MRT,777 BUKIT TIMAH ROAD SIXTH AVENUE MRT STATION (DT7) SINGAPORE 269784,269784
TAN KAH KEE MRT STATION,1.326392,103.806548,MRT,651 BUKIT TIMAH ROAD TAN KAH KEE MRT STATION,NIL
HILLVIEW MRT STATION,1.362888,103.767781,MRT,510 UPPER BUKIT TIMAH ROAD HILLVIEW MRT STATION,NIL
CASHEW MRT STATION,1.369846,103.764315,MRT,1 CASHEW ROAD CASHEW MRT STATION,NIL
BEAUTY WORLD MRT STATION,1.340901,103.775747,MRT,101 UPPER BUKIT TIMAH ROAD BEAUTY WORLD MRT STATION,NIL
HUME MRT STATION (DT4),1.354595,103.769119,MRT,371 UPPER BUKIT TIMAH ROAD HUME MRT STATION (DT4) SINGAPORE 589681,589681
BUKIT PANJANG LRT STATION (BP6),1.377927,103.763103,LRT,11 PETIR ROAD BUKIT PANJANG LRT STATION (BP6) SINGAPORE 678268,678268
SENJA LRT STATION (BP13),1.382725,103.762344,LRT,90 BUKIT PANJANG RING ROAD SENJA LRT STATION (BP13) SINGAPORE 679942,679942
JELAPANG LRT STATION (BP12),1.386739,103.764534,LRT,70 BUKIT PANJANG RING ROAD JELAPANG LRT STATION (BP12) SINGAPORE 679941,679941
PETIR LRT STATION (BP7),1.377772,103.766646,LRT,31 PETIR ROAD PETIR LRT STATION (BP7) SINGAPORE 678269,678269
PENDING LRT STATION (BP8),1.376136,103.771261,LRT,9 PENDING ROAD PENDING LRT STATION (BP8) SINGAPORE 678296,678296
BANGKIT LRT STATION (BP9),1.380022,103.772647,LRT,20 BUKIT PANJANG RING ROAD BANGKIT LRT STATION (BP9) SINGAPORE 679939,679939
FAJAR LRT STATION (BP10),1.384573,103.770887,LRT,40 FAJAR ROAD FAJAR LRT STATION (BP10) SINGAPORE 679004,679004
BUKIT PANJANG MRT STATION,1.379561,103.761189,MRT,950 UPPER BUKIT TIMAH ROAD BUKIT PANJANG MRT STATION,NIL
SENGKANG LRT STATION (STC),1.391609,103.895443,LRT,5 SENGKANG SQUARE SENGKANG LRT STATION (STC) SINGAPORE 545062,545062
COMPASSVALE LRT STATION (SE1),1.394493,103.900492,LRT,10 COMPASSVALE STREET COMPASSVALE LRT STATION (SE1) SINGAPORE 545055,545055
RUMBIA LRT STATION (SE2),1.391468,103.905974,LRT,70 RIVERVALE DRIVE RUMBIA LRT STATION (SE2) SINGAPORE 545054,545054
BAKAU LRT STATION (SE3),1.387994,103.905415,LRT,50 RIVERVALE DRIVE BAKAU LRT STATION (SE3) SINGAPORE 545053,545053
KANGKAR LRT STATION (SE4),1.383959,103.902225,LRT,20 RIVERVALE DRIVE KANGKAR LRT STATION (SE4) SINGAPORE 545052,545052
RANGGUNG LRT STATION (SE5),1.384234,103.897195,LRT,30 SENGKANG EAST AVENUE RANGGUNG LRT STATION (SE5) SINGAPORE 545046,545046
CHENG LIM LRT STATION (SW1),1.396278,103.893797,LRT,5 ANCHORVALE STREET CHENG LIM LRT STATION (SW1) SINGAPORE 545047,545047
FARMWAY LRT STATION (SW2),1.39717,103.889305,LRT,35 ANCHORVALE STREET FARMWAY LRT STATION (SW2) SINGAPORE 545048,545048
KUPANG LRT STATION (SW3),1.398213,103.881256,LRT,60 FERNVALE STREET KUPANG LRT STATION (SW3) SINGAPORE 797697,797697
THANGGAM LRT STATION (SW4),1.397318,103.875635,LRT,40 FERNVALE ROAD THANGGAM LRT STATION (SW4) SINGAPORE 797699,797699
FERNVALE LRT STATION (SW5),1.391886,103.876309,LRT,10 FERNVALE ROAD FERNVALE LRT STATION (SW5) SINGAPORE 797698,797698
LAYAR LRT STATION (SW6),1.39208,103.88003,LRT,11 SENGKANG WEST AVENUE LAYAR LRT STATION (SW6) SINGAPORE 797700,797700
TONGKANG LRT STATION (SW7),1.389348,103.885844,LRT,80 SENGKANG EAST AVENUE TONGKANG LRT STATION (SW7) SINGAPORE 545050,545050
RENJONG LRT STATION (SW8),1.386701,103.890621,LRT,60 SENGKANG EAST AVENUE RENJONG LRT STATION (SW8) SINGAPORE 545049,545049
PUNGGOL LRT STATION (PTC),1.405195,103.902412,LRT,70 PUNGGOL CENTRAL PUNGGOL LRT STATION (PTC) SINGAPORE 828868,828868
COVE LRT STATION (PE1),1.399282,103.905962,LRT,50 PUNGGOL FIELD COVE LRT STATION (PE1) SINGAPORE 828858,828858
MERIDIAN LRT STATION (PE2),1.396912,103.90895,LRT,60 PUNGGOL FIELD MERIDIAN LRT STATION (PE2) SINGAPORE 828857,828857
CORAL EDGE LRT STATION (PE3),1.393909,103.912581,LRT,70 PUNGGOL FIELD CORAL EDGE LRT STATION (PE3) SINGAPORE 828856,828856
RIVIERA LRT STATION (PE4),1.39452,103.916169,LRT,40 PUNGGOL EAST RIVIERA LRT STATION (PE4) SINGAPORE 828852,828852
KADALOOR LRT STATION (PE5),1.399509,103.916575,LRT,60 PUNGGOL DRIVE KADALOOR LRT STATION (PE5) SINGAPORE 828853,828853
OASIS LRT STATION (PE6),1.402287,103.912727,LRT,50 PUNGGOL DRIVE OASIS LRT STATION (PE6) SINGAPORE 828854,828854
DAMAI LRT STATION (PE7),1.405235,103.908604,LRT,40 PUNGGOL DRIVE DAMAI LRT STATION (PE7) SINGAPORE 828855,828855
SAM KEE LRT STATION (PW1),1.409613,103.904832,LRT,10 SENTUL CRESCENT SAM KEE LRT STATION (PW1) SINGAPORE 828851,828851
TECK LEE LRT STATION (PW2),1.412771,103.906578,LRT,101 PONGGOL SEVENTEENTH AVENUE TECK LEE LRT STATION (PW2) SINGAPORE 828861,828861
PUNGGOL POINT LRT STATION (PW3),1.416849,103.906651,LRT,81 PUNGGOL WAY PUNGGOL POINT LRT STATION (PW3) SINGAPORE 828644,828644
SAMUDERA LRT STATION (PW4),1.415902,103.902156,LRT,61 PUNGGOL WAY SAMUDERA LRT STATION (PW4) SINGAPORE 828645,828645
NIBONG LRT STATION (PW5),1.411854,103.900339,LRT,41 PUNGGOL WAY NIBONG LRT STATION (PW5) SINGAPORE 828862,828862
SUMANG LRT STATION (PW6),1.408452,103.898558,LRT,31 PUNGGOL WAY SUMANG LRT STATION (PW6) SINGAPORE 828863,828863
SOO TECK LRT STATION (PW7),1.405323,103.897291,LRT,21 PUNGGOL WAY SOO TECK LRT STATION (PW7) SINGAPORE 828864,828864
