school,mean_oversubscription,num_years,tier
Pei Chun Public,1.1155870989157664,6,high
Fairfield Methodist,1.0868437118437118,6,high
Tao Nan,1.0867274285346553,6,high
Rosyth,1.078167641325536,6,high
Radin Mas,1.0756044506044506,6,high
Kuo Chuan Presbyterian,1.0610545007538366,6,high
River Valley,1.0585470164731174,6,high
Henry Park,1.0528651903651902,6,high
Pei Hwa Presbyterian,1.0519680611785875,6,high
Nanyang,1.0512932973459288,6,high
Catholic High,1.0508771929824563,6,high
Ai Tong,1.0473063973063972,6,high
Nan Hua,1.046847888953152,6,high
Chongzheng,1.0468038075638197,6,high
St. Hilda’s,1.0462719298245613,6,high
Holy Innocents’,1.0462463917549447,6,high
Maris Stella High,1.0419321608870789,6,high
Maha Bodhi,1.041386986163022,6,high
Yu Neng,1.0403623692710857,6,high
Red Swastika,1.0390804597701149,6,high
Tanjong Katong,1.0369802485187067,6,high
Hong Wen,1.0341869328213587,6,high
Gongshang,1.0335230032445455,6,high
Yangzheng,1.032505527507227,6,high
Northland,1.0323732475171397,6,high
Pasir Ris,1.0314913245356794,6,high
Anderson,1.0314780415956264,6,high
Alexandra,1.030745912786865,6,high
Bukit Panjang,1.0303816660646705,6,high
South View,1.0300326135852451,6,high
Kong Hwa,1.0264870345621264,6,high
Xinmin,1.0263159262548869,6,high
CHIJ (Toa Payoh),1.0243501691552863,6,high
Sengkang Green,1.0239748677248677,6,high
Frontier,1.0227768685215495,6,high
St. Joseph’s Institution Junior,1.0223375532775627,6,high
Horizon,1.0220230790846354,6,high
CHIJ St. Nicholas Girls’,1.0217105263157895,6,high
St. Anthony’s,1.020383294909973,6,high
St. Andrew’s Junior,1.0201049088392826,6,high
Huamin,1.0200501370196433,6,high
Anglo-Chinese (Primary),1.019967580312408,6,high
Paya Lebar Methodist Girls’,1.0190833973773834,6,high
Shuqun,1.0182471264367816,6,high
Punggol Green,1.017597873995333,6,high
Poi Ching,1.0175900038932926,6,high
Elias Park,1.017131943305057,6,high
Rulang,1.0171052631578947,6,high
Chongfu,1.0170586527293846,6,high
Punggol,1.0156708195609798,6,high
Wellington,1.0143981002223756,6,high
CHIJ Our Lady of the Nativity,1.0142470972466522,6,high
Nan Chiau,1.0140106747998476,6,high
Qifa,1.013450869246112,6,high
Admiralty,1.0130060588135124,6,high
Keming,1.0129963272324385,6,high
Chua Chu Kang,1.0129257885771352,6,high
Westwood,1.0127026230474507,6,high
Temasek,1.0124818203143326,6,high
Anglo-Chinese (Junior),1.012410394265233,6,high
Princess Elizabeth,1.012121212121212,6,high
Mee Toh,1.0116939496694932,6,high
Raffles Girls’,1.0109808137768665,6,high
Rivervale,1.0104404990051978,6,high
Hougang,1.0097619946736294,6,high
Compassvale,1.0090527165049756,6,high
Methodist Girls’,1.0073696145124715,6,high
Canberra,1.0058338878651378,6,high
Singapore Chinese Girls’,1.0041666666666667,6,high
Riverside,1.003030303030303,6,high
Ngee Ann,0.9901443319224333,6,medium
Sembawang,0.9888654724271163,6,medium
Fengshan,0.9847359325333539,6,medium
Jurong West,0.9671003896289591,6,medium
White Sands,0.9669607356018636,6,medium
Valour,0.9645120405576679,6,medium
West Spring,0.9626767676767677,6,medium
Queenstown,0.9625046650559398,6,medium
Naval Base,0.9602277713784213,6,medium
St. Margaret’s,0.9507989785390604,6,medium
Woodlands,0.9484859992628975,6,medium
Waterway,0.9459747676572811,6,medium
Woodgrove,0.9443060400323023,6,medium
Tampines,0.9417301452667837,6,medium
Fern Green,0.9362675201907505,6,medium
Oasis,0.9361721611721613,6,medium
Geylang Methodist,0.9360726184153348,6,medium
Kheng Cheng,0.9258852422331513,6,medium
Haig Girls’,0.9253475204803946,6,medium
Jing Shan,0.9249968243612311,6,medium
Zhangde,0.9241799846707218,6,medium
Lakeside,0.919893899204244,6,medium
North View,0.9094644291440316,6,medium
Junyuan,0.8958326808859001,6,medium
De La Salle,0.8809095990081905,6,medium
Springdale,0.8746071435581181,6,medium
St. Gabriel’s,0.866957430145657,6,medium
Concord,0.8598171402730065,6,medium
Dazhong,0.8454355377492301,6,medium
Innova,0.8216367102396513,6,medium
Teck Ghee,0.8131834984928511,6,medium
Punggol View,0.7796167097329888,6,medium
Opera Estate,0.7772227746070494,6,medium
Canossa Catholic,0.7591051649978414,6,medium
Zhenghua,0.7555125758351565,6,medium
Angsana,0.7321304768911244,6,medium
Greenwood,0.727324542771035,6,medium
Evergreen,0.7104201553131718,6,medium
Punggol Cove,0.6796074870197361,6,medium
Jurong,0.6778230670434567,6,medium
Marsiling,0.6760751271461002,6,medium
CHIJ Our Lady of Good Counsel,0.6459003204927117,6,medium
Bukit Timah,0.645894907224507,6,medium
CHIJ Our Lady Queen of Peace,0.6321954710049925,6,medium
Casuarina,0.6280361414900889,6,medium
Northshore,0.6259331884459735,6,medium
CHIJ (Katong),0.6079497800738253,6,medium
CHIJ (Kellock),0.5898515183117617,6,medium
Park View,0.5796059369106649,6,medium
Fernvale,0.5722871484776246,6,medium
Jiemin,0.5586407127954677,6,medium
West Grove,0.5517022060915051,6,medium
Telok Kurau,0.540526923527638,6,medium
Xishan,0.5335264026375733,6,medium
Palm View,0.5279357441570752,6,medium
Fuhua,0.5215692849800746,6,medium
Woodlands Ring,0.5201151013384263,6,medium
Clementi,0.4810236696848045,6,low
Fuchun,0.47589591650508006,6,low
East Spring,0.4655853430552088,6,low
Xingnan,0.45681439659183337,6,low
Unity,0.4460645402820475,6,low
Yishun,0.44316047619879045,6,low
Peiying,0.43957574062268884,6,low
Yew Tee,0.43758528798582713,6,low
West View,0.4264174320044731,6,low
St. Stephen’s,0.42268201838900055,6,low
North Vista,0.4131461244205425,6,low
Edgefield,0.40485720235119943,6,low
Qihua,0.4044874395788869,6,low
Endeavour,0.40270638833390665,6,low
Pioneer,0.4020587845889051,2,low
Tampines North,0.3655240302276009,6,low
Changkat,0.3558094392039804,6,low
Marymount Convent,0.34461716433896344,6,low
North Spring,0.3376193824539415,6,low
Beacon,0.33272771651886895,6,low
Ang Mo Kio,0.32732152603341114,6,low
Anchor Green,0.3256894217486001,6,low
Montfort Junior,0.3128012734465367,6,low
Cantonment,0.3065135389571096,6,low
Cedar,0.3064873022541587,6,low
Greenridge,0.30591702615686395,6,low
Bendemeer,0.29946491990257645,6,low
Corporation,0.2774210424153972,6,low
Mayflower,0.26229751517757877,6,low
Farrer Park,0.2542369506919315,6,low
Eunos,0.25252525252525254,1,low
Damai,0.24156993963890513,5,low
Yio Chu Kang,0.22877821592788586,6,low
Boon Lay Garden,0.2277507629844916,6,low
St. Anthony’s Canossian,0.22460456717603575,6,low
Townsville,0.22216968251831623,5,low
Bukit View,0.22029808070106982,6,low
Si Ling,0.2128183653088542,6,low
Gan Eng Seng,0.21128080822057715,6,low
Stamford,0.20869565217391303,1,low
Xinghua,0.20033952927503193,6,low
Bedok Green,0.19619378548539335,6,low
Yumin,0.1901547096401758,6,low
Greendale,0.18362818907047593,6,low
Blangah Rise,0.17930933744266045,6,low
Ahmad Ibrahim,0.17914907607423905,6,low
Yuhua,0.17719075685452138,6,low
Kranji,0.1719763295606669,4,low
Pei Tong,0.17111607784371696,6,low
Seng Kang,0.1678873877267245,6,low
Meridian,0.1631568850553439,6,low
Lianhua,0.1434820189799709,6,low
Teck Whye,0.1331003189087301,6,low
New Town,0.12729827067712812,6,low
Guangyang,0.11811023622047244,1,low
Zhonghua,0.10870512086826171,6,low
Juying,0.10416666666666667,1,low
Northoaks,0.09059211935188494,6,low
First Toa Payoh,0.08760520223115197,6,low
